Yamamoto Isoroku,Yamamoto,Japan/Yamamoto,IDS_YAMAMOTO
Günther Lütjens,Lutjens,Germany/LUTJENS,IDS_LUTJENS
Luigi Sansonetti,Sansonetti,Italy/SANSONETTI,IDS_SANSONETTI
William F. Halsey Jr.,Halsey,USA/Halsey,IDS_HALSEY
Nikolay Kuznetsov,Kuznetsov,Russia/KUZNETSOV,IDS_KUZNETSOV
Andrew Cunningham,Cunningham,United_Kingdom/CUNNINGHAM,IDS_CUNNINGHAM
